Id,AppId,PackageIdHash,AppActivityId,ActivityType,ActivityStatus,ParentActivityId,Tag,Group,MatchId,LastModifiedTime,ExpirationTime,Payload,Priority,IsLocalOnly,PlatformDeviceId,CreatedInCloud,StartTime,EndTime,LastModifiedOnClient,GroupAppActivityId,ClipboardPayload,EnterpriseId,OriginalPayload,OriginalLastModifiedOnClient,ETag
b'h\xceuZ]\x87\xf3o\x91\x19D\xd9\xda\xe5\xca\xdc',"[{""application"":""Chrome"",""platform"":""windows_win32""},{""application"":""Chrome"",""platform"":""packageId""},{""application"":"""",""platform"":""alternateId""},{""application"":"""",""platform"":""windows_universal""}]",32EMzC3pf3hZ5f++I0Xo6llz6/jqQap85+g75uLTNwc=,ECB32AF3-1440-4086-94E3-5311F97F89C4,5,1,b'\x00\x00\x00\x00\x00\x00\x00\x00\x00\x00\x00\x00\x00\x00\x00\x00',,,,1529042274,1534229085,"b'{""displayText"":""Google Chrome"",""activationUri"":""ms-shellactivity:"",""appDisplayName"":""Google Chrome"",""backgroundColor"":""black""}'",3,0,fVkdR0tyOUQBnWvyYS+05sHBwGEcKh+wNnZ7lgos4PU=,0,1529042274,0,1529042274,,,,,,15356
b'7\xae\xdd\xe2;\xc7\x99^\x0c\x85@78\x94\x10\xa0',"[{""application"":""VisualStudio.7f9189bb"",""platform"":""windows_win32""},{""application"":""VisualStudio.7f9189bb"",""platform"":""packageId""},{""application"":"""",""platform"":""alternateId""},{""application"":"""",""platform"":""windows_universal""}]",TOOMpCbm2UBUPLWdFA/3LOx8jCJ8O4yizRMlRyycV2w=,ECB32AF3-1440-4086-94E3-5311F97F89C4,5,1,b'\x00\x00\x00\x00\x00\x00\x00\x00\x00\x00\x00\x00\x00\x00\x00\x00',,,,1529742333,1534319013,"b'{""displayText"":""Visual Studio 2017"",""activationUri"":""ms-shellactivity:"",""appDisplayName"":""Visual Studio 2017"",""backgroundColor"":""black""}'",3,0,fVkdR0tyOUQBnWvyYS+05sHBwGEcKh+wNnZ7lgos4PU=,0,1529742333,0,1529742333,,,,,,15603
b'.#\xe0uL\x06\xe0\x88-\xff\xf29\x0cl\x97\x11',"[{""application"":""{6D809377-6AF0-444B-8957-A3773F02200E}\\MPC-HC\\mpc-hc64.exe"",""platform"":""windows_win32""},{""application"":""{6D809377-6AF0-444B-8957-A3773F02200E}\\MPC-HC\\mpc-hc64.exe"",""platform"":""packageId""},{""application"":"""",""platform"":""alternateId""},{""application"":"""",""platform"":""windows_universal""}]",OMUpkeMrbtqm/VIjA9B+7W97/37ZzbNnsVFEZoxN+7U=,ECB32AF3-1440-4086-94E3-5311F97F89C4,5,1,b'\x00\x00\x00\x00\x00\x00\x00\x00\x00\x00\x00\x00\x00\x00\x00\x00',,,,1529806595,1534054865,"b'{""displayText"":""MPC-HC x64"",""activationUri"":""ms-shellactivity:"",""appDisplayName"":""MPC-HC x64"",""backgroundColor"":""black""}'",3,0,fVkdR0tyOUQBnWvyYS+05sHBwGEcKh+wNnZ7lgos4PU=,0,1529806595,0,1529806595,,,,,,14848
b'\xd1\xe1\x95\xecB\xacU\xa9\x1b\xf5\xc9\x06\xcd#\x00\xd6',"[{""application"":""com.squirrel.Discord.Discord"",""platform"":""windows_win32""},{""application"":""com.squirrel.Discord.Discord"",""platform"":""packageId""},{""application"":"""",""platform"":""alternateId""},{""application"":"""",""platform"":""windows_universal""}]",LrQOCpNol0XWlhMvBhzGKQTtdWOrYL6zj81U+S0pMuA=,ECB32AF3-1440-4086-94E3-5311F97F89C4,6,1,b'\x00\x00\x00\x00\x00\x00\x00\x00\x00\x00\x00\x00\x00\x00\x00\x00',,,,1530861533,1533453533,"b'{""type"":""UserEngaged"",""reportingApp"":""ShellActivityMonitor"",""activeDurationSeconds"":7,""shellContentDescription"":{""MergedGap"":600},""userTimezone"":""Pacific/Auckland""}'",3,0,fVkdR0tyOUQBnWvyYS+05sHBwGEcKh+wNnZ7lgos4PU=,0,1530861526,1530861533,1530861533,,,,,,13320
b'\xf5L\x91C\x9eg\x96\xfd\xd5\xd9\x92\xcd\x10Ndw',"[{""application"":""com.squirrel.Discord.Discord"",""platform"":""windows_win32""},{""application"":""com.squirrel.Discord.Discord"",""platform"":""packageId""},{""application"":"""",""platform"":""alternateId""},{""application"":"""",""platform"":""windows_universal""}]",LrQOCpNol0XWlhMvBhzGKQTtdWOrYL6zj81U+S0pMuA=,ECB32AF3-1440-4086-94E3-5311F97F89C4,6,1,b'\x00\x00\x00\x00\x00\x00\x00\x00\x00\x00\x00\x00\x00\x00\x00\x00',,,,1530861800,1533453800,"b'{""type"":""UserEngaged"",""reportingApp"":""ShellActivityMonitor"",""activeDurationSeconds"":274,""shellContentDescription"":{""MergedGap"":600},""userTimezone"":""Pacific/Auckland""}'",3,0,fVkdR0tyOUQBnWvyYS+05sHBwGEcKh+wNnZ7lgos4PU=,0,1530861533,1530861862,1530861862,,,,,,13329
b'q)F\xc0\xb0\x06h\x89\xa1@m\xc3\xa1l\xd5\xaa',"[{""application"":""windows.immersivecontrolpanel_cw5n1h2txyewy!microsoft.windows.immersivecontrolpanel"",""platform"":""windows_universal""},{""application"":""windows.immersivecontrolpanel_cw5n1h2txyewy!microsoft.windows.immersivecontrolpanel"",""platform"":""packageId""},{""application"":"""",""platform"":""alternateId""}]",kSeSJDyDucRjb/Mg0+JTxAd+m+MUruhwxnGpp7ptRws=,ECB32AF3-1440-4086-94E3-5311F97F89C4,6,1,b'\x00\x00\x00\x00\x00\x00\x00\x00\x00\x00\x00\x00\x00\x00\x00\x00',,,,1530861854,1533453854,"b'{""type"":""UserEngaged"",""reportingApp"":""ShellActivityMonitor"",""activeDurationSeconds"":53,""shellContentDescription"":{""MergedGap"":600},""userTimezone"":""Pacific/Auckland""}'",3,0,fVkdR0tyOUQBnWvyYS+05sHBwGEcKh+wNnZ7lgos4PU=,0,1530861801,1530861854,1530861854,,,,,,13326
b'?>|\xa1#U\xf4@\xf2)j=\x17h\x9d\x06',"[{""application"":""{7C5A40EF-A0FB-4BFC-874A-C0F2E0B9FA8E}\\Steam\\Steam.exe"",""platform"":""windows_win32""},{""application"":""{7C5A40EF-A0FB-4BFC-874A-C0F2E0B9FA8E}\\Steam\\Steam.exe"",""platform"":""packageId""},{""application"":"""",""platform"":""alternateId""},{""application"":"""",""platform"":""windows_universal""}]",qy4Ff4UAA8NOS9c2wOeyLNjSX3NZ78RydGR9NeoA8PA=,ECB32AF3-1440-4086-94E3-5311F97F89C4,6,1,b'\x00\x00\x00\x00\x00\x00\x00\x00\x00\x00\x00\x00\x00\x00\x00\x00',,,,1530861877,1533453877,"b'{""type"":""UserEngaged"",""reportingApp"":""ShellActivityMonitor"",""activeDurationSeconds"":4,""shellContentDescription"":{""MergedGap"":600},""userTimezone"":""Pacific/Auckland""}'",3,0,fVkdR0tyOUQBnWvyYS+05sHBwGEcKh+wNnZ7lgos4PU=,0,1530861872,1530861877,1530861877,,,,,,13332
b'F\xe7\xea~\x80p\x12-\x0bV\x88\x7fW\xe7\xa1B',"[{""application"":""{7C5A40EF-A0FB-4BFC-874A-C0F2E0B9FA8E}\\Steam\\Steam.exe"",""platform"":""windows_win32""},{""application"":""{7C5A40EF-A0FB-4BFC-874A-C0F2E0B9FA8E}\\Steam\\Steam.exe"",""platform"":""packageId""},{""application"":"""",""platform"":""alternateId""},{""application"":"""",""platform"":""windows_universal""}]",qy4Ff4UAA8NOS9c2wOeyLNjSX3NZ78RydGR9NeoA8PA=,ECB32AF3-1440-4086-94E3-5311F97F89C4,6,1,b'\x00\x00\x00\x00\x00\x00\x00\x00\x00\x00\x00\x00\x00\x00\x00\x00',,,,1530861883,1533453883,"b'{""type"":""UserEngaged"",""reportingApp"":""ShellActivityMonitor"",""activeDurationSeconds"":6,""shellContentDescription"":{""MergedGap"":600},""userTimezone"":""Pacific/Auckland""}'",3,0,fVkdR0tyOUQBnWvyYS+05sHBwGEcKh+wNnZ7lgos4PU=,0,1530861877,1530861883,1530861883,,,,,,13335
b'\x85\x03\xcc-\xe5\x81\xc3:\xea\xf0\xce\x9b93\xbb\xb8',"[{""application"":""{7C5A40EF-A0FB-4BFC-874A-C0F2E0B9FA8E}\\Steam\\steamapps\\common\\rocketleague\\Binaries\\Win32\\RocketLeague.exe"",""platform"":""x_exe_path""},{""application"":""{7C5A40EF-A0FB-4BFC-874A-C0F2E0B9FA8E}\\Steam\\steamapps\\common\\rocketleague\\Binaries\\Win32\\RocketLeague.exe"",""platform"":""packageId""},{""application"":"""",""platform"":""alternateId""},{""application"":"""",""platform"":""windows_universal""}]",q8wrqb81HfzpieSnySVoauwGLX58Gd+RnvSQ0BykgaQ=,ECB32AF3-1440-4086-94E3-5311F97F89C4,6,1,b'\x00\x00\x00\x00\x00\x00\x00\x00\x00\x00\x00\x00\x00\x00\x00\x00',,,,1530861894,1533453894,"b'{""type"":""UserEngaged"",""reportingApp"":""ShellActivityMonitor"",""activeDurationSeconds"":11,""shellContentDescription"":{""MergedGap"":600},""userTimezone"":""Pacific/Auckland""}'",3,0,fVkdR0tyOUQBnWvyYS+05sHBwGEcKh+wNnZ7lgos4PU=,0,1530861883,1530861894,1530861894,,,,,,13338
b'\r\xa3\xac.\xc2\xbdsb]kt \xff\xe4\xa7@',"[{""application"":""com.squirrel.Discord.Discord"",""platform"":""windows_win32""},{""application"":""com.squirrel.Discord.Discord"",""platform"":""packageId""},{""application"":"""",""platform"":""alternateId""},{""application"":"""",""platform"":""windows_universal""}]",LrQOCpNol0XWlhMvBhzGKQTtdWOrYL6zj81U+S0pMuA=,ECB32AF3-1440-4086-94E3-5311F97F89C4,6,1,b'\x00\x00\x00\x00\x00\x00\x00\x00\x00\x00\x00\x00\x00\x00\x00\x00',,,,1530864790,1533456790,"b'{""type"":""UserEngaged"",""reportingApp"":""ShellActivityMonitor"",""activeDurationSeconds"":14,""shellContentDescription"":{""MergedGap"":600},""userTimezone"":""Pacific/Auckland""}'",3,0,fVkdR0tyOUQBnWvyYS+05sHBwGEcKh+wNnZ7lgos4PU=,0,1530864776,1530864790,1530864790,,,,,,13341
b'\x92\x9b\xa3\xc5\x96c\x98\xa2h\x11:\x8am\x16\x8f\x96',"[{""application"":""{7C5A40EF-A0FB-4BFC-874A-C0F2E0B9FA8E}\\Steam\\steamapps\\common\\rocketleague\\Binaries\\Win32\\RocketLeague.exe"",""platform"":""x_exe_path""},{""application"":""{7C5A40EF-A0FB-4BFC-874A-C0F2E0B9FA8E}\\Steam\\steamapps\\common\\rocketleague\\Binaries\\Win32\\RocketLeague.exe"",""platform"":""packageId""},{""application"":"""",""platform"":""alternateId""},{""application"":"""",""platform"":""windows_universal""}]",q8wrqb81HfzpieSnySVoauwGLX58Gd+RnvSQ0BykgaQ=,ECB32AF3-1440-4086-94E3-5311F97F89C4,6,1,b'\x00\x00\x00\x00\x00\x00\x00\x00\x00\x00\x00\x00\x00\x00\x00\x00',,,,1530865211,1533457211,"b'{""type"":""UserEngaged"",""reportingApp"":""ShellActivityMonitor"",""activeDurationSeconds"":427,""shellContentDescription"":{""MergedGap"":600},""userTimezone"":""Pacific/Auckland""}'",3,0,fVkdR0tyOUQBnWvyYS+05sHBwGEcKh+wNnZ7lgos4PU=,0,1530864790,1530865274,1530865274,,,,,,13362
b'\xa2;\xc4o\x7f|\xe22\xa7\x19i\x90\xae\xf6\xa2\xe7',"[{""application"":""Chrome"",""platform"":""windows_win32""},{""application"":""Chrome"",""platform"":""packageId""},{""application"":"""",""platform"":""alternateId""},{""application"":"""",""platform"":""windows_universal""}]",32EMzC3pf3hZ5f++I0Xo6llz6/jqQap85+g75uLTNwc=,ECB32AF3-1440-4086-94E3-5311F97F89C4,6,1,b'\x00\x00\x00\x00\x00\x00\x00\x00\x00\x00\x00\x00\x00\x00\x00\x00',,,,1530865243,1533457243,"b'{""type"":""UserEngaged"",""reportingApp"":""ShellActivityMonitor"",""activeDurationSeconds"":20,""shellContentDescription"":{""MergedGap"":600},""userTimezone"":""Pacific/Auckland""}'",3,0,fVkdR0tyOUQBnWvyYS+05sHBwGEcKh+wNnZ7lgos4PU=,0,1530865230,1530865260,1530865260,,,,,,13356
b'\x99`\x03A\xba\xe5\xa3\x80z\xdc\xf5\xe3J\xe2)\x08',"[{""application"":""{7C5A40EF-A0FB-4BFC-874A-C0F2E0B9FA8E}\\Epic Games\\Launcher\\Portal\\Binaries\\Win64\\EpicGamesLauncher.exe"",""platform"":""x_exe_path""},{""application"":""{7C5A40EF-A0FB-4BFC-874A-C0F2E0B9FA8E}\\Epic Games\\Launcher\\Portal\\Binaries\\Win64\\EpicGamesLauncher.exe"",""platform"":""packageId""},{""application"":"""",""platform"":""alternateId""},{""application"":"""",""platform"":""windows_universal""}]",W2uvLYF2TvPBARmWDeDJJluRdkhj2mxrr07zegJud1k=,ECB32AF3-1440-4086-94E3-5311F97F89C4,5,1,b'\x00\x00\x00\x00\x00\x00\x00\x00\x00\x00\x00\x00\x00\x00\x00\x00',,,,1530865283,1535092612,"b'{""displayText"":""EpicGamesLauncher.exe"",""activationUri"":""ms-shellactivity:"",""appDisplayName"":""EpicGamesLauncher.exe"",""backgroundColor"":""black""}'",3,0,fVkdR0tyOUQBnWvyYS+05sHBwGEcKh+wNnZ7lgos4PU=,0,1530865283,0,1530865283,,,,,,18057
b'\x91+\xcb\x98\xc5\xe6\x07\x19}\x8c\x03\xb2\x96\xed\x0f\x01',"[{""application"":""{7C5A40EF-A0FB-4BFC-874A-C0F2E0B9FA8E}\\Epic Games\\Launcher\\Portal\\Binaries\\Win64\\EpicGamesLauncher.exe"",""platform"":""x_exe_path""},{""application"":""{7C5A40EF-A0FB-4BFC-874A-C0F2E0B9FA8E}\\Epic Games\\Launcher\\Portal\\Binaries\\Win64\\EpicGamesLauncher.exe"",""platform"":""packageId""},{""application"":"""",""platform"":""alternateId""},{""application"":"""",""platform"":""windows_universal""}]",W2uvLYF2TvPBARmWDeDJJluRdkhj2mxrr07zegJud1k=,ECB32AF3-1440-4086-94E3-5311F97F89C4,6,1,b'\x00\x00\x00\x00\x00\x00\x00\x00\x00\x00\x00\x00\x00\x00\x00\x00',,,,1530865294,1533457294,"b'{""type"":""UserEngaged"",""reportingApp"":""ShellActivityMonitor"",""activeDurationSeconds"":20,""shellContentDescription"":{""MergedGap"":600},""userTimezone"":""Pacific/Auckland""}'",3,0,fVkdR0tyOUQBnWvyYS+05sHBwGEcKh+wNnZ7lgos4PU=,0,1530865283,1530865335,1530865335,,,,,,13381
b'=`!u\xfa\xd6EqS\n\xf1q\xf4eyd',"[{""application"":""Chrome"",""platform"":""windows_win32""},{""application"":""Chrome"",""platform"":""packageId""},{""application"":"""",""platform"":""alternateId""},{""application"":"""",""platform"":""windows_universal""}]",32EMzC3pf3hZ5f++I0Xo6llz6/jqQap85+g75uLTNwc=,ECB32AF3-1440-4086-94E3-5311F97F89C4,6,1,b'\x00\x00\x00\x00\x00\x00\x00\x00\x00\x00\x00\x00\x00\x00\x00\x00',,,,1530865319,1533457319,"b'{""type"":""UserEngaged"",""reportingApp"":""ShellActivityMonitor"",""activeDurationSeconds"":670,""shellContentDescription"":{""MergedGap"":600},""userTimezone"":""Pacific/Auckland""}'",3,0,fVkdR0tyOUQBnWvyYS+05sHBwGEcKh+wNnZ7lgos4PU=,0,1530865294,1530866033,1530866033,,,,,,13408
b'Q\xfbi\xd5\xb4\xd9\xe9\xf9[\xf2\xbfK79GT',"[{""application"":""{7C5A40EF-A0FB-4BFC-874A-C0F2E0B9FA8E}\\Epic Games\\Launcher\\Portal\\Binaries\\Win64\\EpicGamesLauncher.exe"",""platform"":""x_exe_path""},{""application"":""{7C5A40EF-A0FB-4BFC-874A-C0F2E0B9FA8E}\\Epic Games\\Launcher\\Portal\\Binaries\\Win64\\EpicGamesLauncher.exe"",""platform"":""packageId""},{""application"":"""",""platform"":""alternateId""},{""application"":"""",""platform"":""windows_universal""}]",W2uvLYF2TvPBARmWDeDJJluRdkhj2mxrr07zegJud1k=,ECB32AF3-1440-4086-94E3-5311F97F89C4,6,1,b'\x00\x00\x00\x00\x00\x00\x00\x00\x00\x00\x00\x00\x00\x00\x00\x00',,,,1530865377,1533457377,"b'{""type"":""UserEngaged"",""reportingApp"":""ShellActivityMonitor"",""activeDurationSeconds"":36,""shellContentDescription"":{""MergedGap"":600},""userTimezone"":""Pacific/Auckland""}'",3,0,fVkdR0tyOUQBnWvyYS+05sHBwGEcKh+wNnZ7lgos4PU=,0,1530865341,1530865377,1530865377,,,,,,13387
b'\xca\xe0q\xe0\x00\xf8#\xf9\xff\x9d\xbdC\x03\x08\xb0\xbe',"[{""application"":""{7C5A40EF-A0FB-4BFC-874A-C0F2E0B9FA8E}\\Steam\\Steam.exe"",""platform"":""windows_win32""},{""application"":""{7C5A40EF-A0FB-4BFC-874A-C0F2E0B9FA8E}\\Steam\\Steam.exe"",""platform"":""packageId""},{""application"":"""",""platform"":""alternateId""},{""application"":"""",""platform"":""windows_universal""}]",qy4Ff4UAA8NOS9c2wOeyLNjSX3NZ78RydGR9NeoA8PA=,ECB32AF3-1440-4086-94E3-5311F97F89C4,6,1,b'\x00\x00\x00\x00\x00\x00\x00\x00\x00\x00\x00\x00\x00\x00\x00\x00',,,,1530865490,1533457490,"b'{""type"":""UserEngaged"",""reportingApp"":""ShellActivityMonitor"",""activeDurationSeconds"":9,""shellContentDescription"":{""MergedGap"":600},""userTimezone"":""Pacific/Auckland""}'",3,0,fVkdR0tyOUQBnWvyYS+05sHBwGEcKh+wNnZ7lgos4PU=,0,1530865481,1530865490,1530865490,,,,,,13393
"b'\x8d\xb2\xf4\x1e\xbf*m\x1a\x8b1,\xc4\xee\xc0\xd3\x96'","[{""application"":""com.squirrel.Discord.Discord"",""platform"":""windows_win32""},{""application"":""com.squirrel.Discord.Discord"",""platform"":""packageId""},{""application"":"""",""platform"":""alternateId""},{""application"":"""",""platform"":""windows_universal""}]",LrQOCpNol0XWlhMvBhzGKQTtdWOrYL6zj81U+S0pMuA=,ECB32AF3-1440-4086-94E3-5311F97F89C4,6,1,b'\x00\x00\x00\x00\x00\x00\x00\x00\x00\x00\x00\x00\x00\x00\x00\x00',,,,1530865862,1533457862,"b'{""type"":""UserEngaged"",""reportingApp"":""ShellActivityMonitor"",""activeDurationSeconds"":36,""shellContentDescription"":{""MergedGap"":600},""userTimezone"":""Pacific/Auckland""}'",3,0,fVkdR0tyOUQBnWvyYS+05sHBwGEcKh+wNnZ7lgos4PU=,0,1530865856,1530866186,1530866186,,,,,,13425
b'\xef\xedf\x96\x1d\xa6\xd3?\xc5\x8eR<\x15G\xc0\xb5',"[{""application"":""{7C5A40EF-A0FB-4BFC-874A-C0F2E0B9FA8E}\\Epic Games\\Launcher\\Portal\\Binaries\\Win64\\EpicGamesLauncher.exe"",""platform"":""x_exe_path""},{""application"":""{7C5A40EF-A0FB-4BFC-874A-C0F2E0B9FA8E}\\Epic Games\\Launcher\\Portal\\Binaries\\Win64\\EpicGamesLauncher.exe"",""platform"":""packageId""},{""application"":"""",""platform"":""alternateId""},{""application"":"""",""platform"":""windows_universal""}]",W2uvLYF2TvPBARmWDeDJJluRdkhj2mxrr07zegJud1k=,ECB32AF3-1440-4086-94E3-5311F97F89C4,6,1,b'\x00\x00\x00\x00\x00\x00\x00\x00\x00\x00\x00\x00\x00\x00\x00\x00',,,,1530866039,1533458039,"b'{""type"":""UserEngaged"",""reportingApp"":""ShellActivityMonitor"",""activeDurationSeconds"":15,""shellContentDescription"":{""MergedGap"":600},""userTimezone"":""Pacific/Auckland""}'",3,0,fVkdR0tyOUQBnWvyYS+05sHBwGEcKh+wNnZ7lgos4PU=,0,1530866034,1530866061,1530866061,,,,,,13418
b'\xe0\xec_\xbc\x06\x11\xccM\x04)\xef \x95\xb9\x89\x85',"[{""application"":""{6D809377-6AF0-444B-8957-A3773F02200E}\\Epic Games\\Fortnite\\FortniteGame\\Binaries\\Win64\\FortniteClient-Win64-Shipping_EAC.exe"",""platform"":""x_exe_path""},{""application"":""{6D809377-6AF0-444B-8957-A3773F02200E}\\Epic Games\\Fortnite\\FortniteGame\\Binaries\\Win64\\FortniteClient-Win64-Shipping_EAC.exe"",""platform"":""packageId""},{""application"":"""",""platform"":""alternateId""},{""application"":"""",""platform"":""windows_universal""}]",poLXDcUMHihfceMzI9HIvCLsvuJLziW2JABTsj1bwNw=,ECB32AF3-1440-4086-94E3-5311F97F89C4,5,1,b'\x00\x00\x00\x00\x00\x00\x00\x00\x00\x00\x00\x00\x00\x00\x00\x00',,,,1530866039,1533458039,"b'{""displayText"":""FortniteClient-Win64-Shipping_EAC.exe"",""activationUri"":""ms-shellactivity:"",""appDisplayName"":""FortniteClient-Win64-Shipping_EAC.exe"",""backgroundColor"":""black""}'",3,0,fVkdR0tyOUQBnWvyYS+05sHBwGEcKh+wNnZ7lgos4PU=,0,1530866039,0,1530866039,,,,,,13414
b'\x80z\xc3\xe6[\xf1c\x0f\xf8\xfaf\xc8v;\x15t',"[{""application"":""{6D809377-6AF0-444B-8957-A3773F02200E}\\Epic Games\\Fortnite\\FortniteGame\\Binaries\\Win64\\FortniteClient-Win64-Shipping_EAC.exe"",""platform"":""x_exe_path""},{""application"":""{6D809377-6AF0-444B-8957-A3773F02200E}\\Epic Games\\Fortnite\\FortniteGame\\Binaries\\Win64\\FortniteClient-Win64-Shipping_EAC.exe"",""platform"":""packageId""},{""application"":"""",""platform"":""alternateId""},{""application"":"""",""platform"":""windows_universal""}]",poLXDcUMHihfceMzI9HIvCLsvuJLziW2JABTsj1bwNw=,ECB32AF3-1440-4086-94E3-5311F97F89C4,6,1,b'\x00\x00\x00\x00\x00\x00\x00\x00\x00\x00\x00\x00\x00\x00\x00\x00',,,,1530866051,1533458051,"b'{""type"":""UserEngaged"",""reportingApp"":""ShellActivityMonitor"",""activeDurationSeconds"":12,""shellContentDescription"":{""MergedGap"":600},""userTimezone"":""Pacific/Auckland""}'",3,0,fVkdR0tyOUQBnWvyYS+05sHBwGEcKh+wNnZ7lgos4PU=,0,1530866039,1530866051,1530866051,,,,,,13415
"b'\xa0}\xbf@\x1a,\x111\xe8\xd44\xe6\xdd\xaeT\x1a'","[{""application"":""{6D809377-6AF0-444B-8957-A3773F02200E}\\Epic Games\\Fortnite\\FortniteGame\\Binaries\\Win64\\FortniteClient-Win64-Shipping.exe"",""platform"":""x_exe_path""},{""application"":""{6D809377-6AF0-444B-8957-A3773F02200E}\\Epic Games\\Fortnite\\FortniteGame\\Binaries\\Win64\\FortniteClient-Win64-Shipping.exe"",""platform"":""packageId""},{""application"":"""",""platform"":""alternateId""},{""application"":"""",""platform"":""windows_universal""}]",0WWZ0UH2M4LtLJWYWqRq7SH+z0BhYPzXxvbKLgJiIXo=,ECB32AF3-1440-4086-94E3-5311F97F89C4,5,1,b'\x00\x00\x00\x00\x00\x00\x00\x00\x00\x00\x00\x00\x00\x00\x00\x00',,,,1530866063,1533458063,"b'{""displayText"":""FortniteClient-Win64-Shipping.exe"",""activationUri"":""ms-shellactivity:"",""appDisplayName"":""FortniteClient-Win64-Shipping.exe"",""backgroundColor"":""black""}'",3,0,fVkdR0tyOUQBnWvyYS+05sHBwGEcKh+wNnZ7lgos4PU=,0,1530866063,0,1530866063,,,,,,13421
b'v\xb1\xe3wnnX\x86\rGO\xab\x06<\x19\xd1',"[{""application"":""{6D809377-6AF0-444B-8957-A3773F02200E}\\Epic Games\\Fortnite\\FortniteGame\\Binaries\\Win64\\FortniteClient-Win64-Shipping.exe"",""platform"":""x_exe_path""},{""application"":""{6D809377-6AF0-444B-8957-A3773F02200E}\\Epic Games\\Fortnite\\FortniteGame\\Binaries\\Win64\\FortniteClient-Win64-Shipping.exe"",""platform"":""packageId""},{""application"":"""",""platform"":""alternateId""},{""application"":"""",""platform"":""windows_universal""}]",0WWZ0UH2M4LtLJWYWqRq7SH+z0BhYPzXxvbKLgJiIXo=,ECB32AF3-1440-4086-94E3-5311F97F89C4,6,1,b'\x00\x00\x00\x00\x00\x00\x00\x00\x00\x00\x00\x00\x00\x00\x00\x00',,,,1530866163,1533458163,"b'{""type"":""UserEngaged"",""reportingApp"":""ShellActivityMonitor"",""activeDurationSeconds"":4213,""shellContentDescription"":{""MergedGap"":600},""userTimezone"":""Pacific/Auckland""}'",3,0,fVkdR0tyOUQBnWvyYS+05sHBwGEcKh+wNnZ7lgos4PU=,0,1530866063,1530871865,1530871865,,,,,,13567
b'D*\xd4\xc94\x01\x89\x90\x83_\x9b&Q\xd8@m',"[{""application"":""Chrome"",""platform"":""windows_win32""},{""application"":""Chrome"",""platform"":""packageId""},{""application"":"""",""platform"":""alternateId""},{""application"":"""",""platform"":""windows_universal""}]",32EMzC3pf3hZ5f++I0Xo6llz6/jqQap85+g75uLTNwc=,ECB32AF3-1440-4086-94E3-5311F97F89C4,6,1,b'\x00\x00\x00\x00\x00\x00\x00\x00\x00\x00\x00\x00\x00\x00\x00\x00',,,,1530867139,1533459139,"b'{""type"":""UserEngaged"",""reportingApp"":""ShellActivityMonitor"",""activeDurationSeconds"":871,""shellContentDescription"":{""MergedGap"":600},""userTimezone"":""Pacific/Auckland""}'",3,0,fVkdR0tyOUQBnWvyYS+05sHBwGEcKh+wNnZ7lgos4PU=,0,1530866996,1530868270,1530868270,,,,,,13507
b'\xec\xec\x01\x82/ao\xca\xc2u\xca!(\xe7\x00\xc5',"[{""application"":""com.squirrel.Discord.Discord"",""platform"":""windows_win32""},{""application"":""com.squirrel.Discord.Discord"",""platform"":""packageId""},{""application"":"""",""platform"":""alternateId""},{""application"":"""",""platform"":""windows_universal""}]",LrQOCpNol0XWlhMvBhzGKQTtdWOrYL6zj81U+S0pMuA=,ECB32AF3-1440-4086-94E3-5311F97F89C4,6,1,b'\x00\x00\x00\x00\x00\x00\x00\x00\x00\x00\x00\x00\x00\x00\x00\x00',,,,1530867428,1533459428,"b'{""type"":""UserEngaged"",""reportingApp"":""ShellActivityMonitor"",""activeDurationSeconds"":54,""shellContentDescription"":{""MergedGap"":600},""userTimezone"":""Pacific/Auckland""}'",3,0,fVkdR0tyOUQBnWvyYS+05sHBwGEcKh+wNnZ7lgos4PU=,0,1530867423,1530868217,1530868217,,,,,,13504
"b""\x00}Uh\xe2\x9aJA\xc3`\xcb\xbb\xc6|'\x88""","[{""application"":""{1AC14E77-02E7-4E5D-B744-2EB1AE5198B7}\\SndVol.exe"",""platform"":""x_exe_path""},{""application"":""{1AC14E77-02E7-4E5D-B744-2EB1AE5198B7}\\SndVol.exe"",""platform"":""packageId""},{""application"":"""",""platform"":""alternateId""},{""application"":"""",""platform"":""windows_universal""}]",WUqxQeABL7t0d/v+VPpFAyq72A1Yr8NpP87qfB3XziM=,ECB32AF3-1440-4086-94E3-5311F97F89C4,5,1,b'\x00\x00\x00\x00\x00\x00\x00\x00\x00\x00\x00\x00\x00\x00\x00\x00',,,,1530868118,1535618186,"b'{""displayText"":""SndVol.exe"",""activationUri"":""ms-shellactivity:"",""appDisplayName"":""SndVol.exe"",""backgroundColor"":""black""}'",3,0,fVkdR0tyOUQBnWvyYS+05sHBwGEcKh+wNnZ7lgos4PU=,0,1530868118,0,1530868118,,,,,,20016
b'\xdd\xbd\xfa\xf0\x0e_<\xe1\x9asg\xec\xb5Q\x9d\xb3',"[{""application"":""{1AC14E77-02E7-4E5D-B744-2EB1AE5198B7}\\SndVol.exe"",""platform"":""x_exe_path""},{""application"":""{1AC14E77-02E7-4E5D-B744-2EB1AE5198B7}\\SndVol.exe"",""platform"":""packageId""},{""application"":"""",""platform"":""alternateId""},{""application"":"""",""platform"":""windows_universal""}]",WUqxQeABL7t0d/v+VPpFAyq72A1Yr8NpP87qfB3XziM=,ECB32AF3-1440-4086-94E3-5311F97F89C4,6,1,b'\x00\x00\x00\x00\x00\x00\x00\x00\x00\x00\x00\x00\x00\x00\x00\x00',,,,1530868128,1533460128,"b'{""type"":""UserEngaged"",""reportingApp"":""ShellActivityMonitor"",""activeDurationSeconds"":10,""shellContentDescription"":{""MergedGap"":600},""userTimezone"":""Pacific/Auckland""}'",3,0,fVkdR0tyOUQBnWvyYS+05sHBwGEcKh+wNnZ7lgos4PU=,0,1530868118,1530868128,1530868128,,,,,,13495
b'#\xb1M\xa3\xe25\xd1\xc6BQm$\x01!%n',"[{""application"":""Chrome"",""platform"":""windows_win32""},{""application"":""Chrome"",""platform"":""packageId""},{""application"":"""",""platform"":""alternateId""},{""application"":"""",""platform"":""windows_universal""}]",32EMzC3pf3hZ5f++I0Xo6llz6/jqQap85+g75uLTNwc=,ECB32AF3-1440-4086-94E3-5311F97F89C4,6,1,b'\x00\x00\x00\x00\x00\x00\x00\x00\x00\x00\x00\x00\x00\x00\x00\x00',,,,1530869125,1533461125,"b'{""type"":""UserEngaged"",""reportingApp"":""ShellActivityMonitor"",""activeDurationSeconds"":150,""shellContentDescription"":{""MergedGap"":600},""userTimezone"":""Pacific/Auckland""}'",3,0,fVkdR0tyOUQBnWvyYS+05sHBwGEcKh+wNnZ7lgos4PU=,0,1530869043,1530869193,1530869193,,,,,,13516
b'\xaff\x8cn\xe81\xc0X\xfcfI-\x7f\xe8R=',"[{""application"":""Chrome"",""platform"":""windows_win32""},{""application"":""Chrome"",""platform"":""packageId""},{""application"":"""",""platform"":""alternateId""},{""application"":"""",""platform"":""windows_universal""}]",32EMzC3pf3hZ5f++I0Xo6llz6/jqQap85+g75uLTNwc=,ECB32AF3-1440-4086-94E3-5311F97F89C4,6,1,b'\x00\x00\x00\x00\x00\x00\x00\x00\x00\x00\x00\x00\x00\x00\x00\x00',,,,1530869953,1533461953,"b'{""type"":""UserEngaged"",""reportingApp"":""ShellActivityMonitor"",""activeDurationSeconds"":419,""shellContentDescription"":{""MergedGap"":600},""userTimezone"":""Pacific/Auckland""}'",3,0,fVkdR0tyOUQBnWvyYS+05sHBwGEcKh+wNnZ7lgos4PU=,0,1530869941,1530870970,1530870970,,,,,,13558
b'\x1e\x1aNw`\xb8\x08\xef%\x1f\x89\xf9P\x19ho',"[{""application"":""Chrome"",""platform"":""windows_win32""},{""application"":""Chrome"",""platform"":""packageId""},{""application"":"""",""platform"":""alternateId""},{""application"":"""",""platform"":""windows_universal""}]",32EMzC3pf3hZ5f++I0Xo6llz6/jqQap85+g75uLTNwc=,ECB32AF3-1440-4086-94E3-5311F97F89C4,6,1,b'\x00\x00\x00\x00\x00\x00\x00\x00\x00\x00\x00\x00\x00\x00\x00\x00',,,,1530871858,1533463858,"b'{""type"":""UserEngaged"",""reportingApp"":""ShellActivityMonitor"",""activeDurationSeconds"":544,""shellContentDescription"":{""MergedGap"":600},""userTimezone"":""Pacific/Auckland""}'",3,0,fVkdR0tyOUQBnWvyYS+05sHBwGEcKh+wNnZ7lgos4PU=,0,1530871850,1530872430,1530872430,,,,,,13594
b'\x8ev/6w\x19/\xa9\x17\xc6H\xcaR|\xe0v',"[{""application"":""com.squirrel.Discord.Discord"",""platform"":""windows_win32""},{""application"":""com.squirrel.Discord.Discord"",""platform"":""packageId""},{""application"":"""",""platform"":""alternateId""},{""application"":"""",""platform"":""windows_universal""}]",LrQOCpNol0XWlhMvBhzGKQTtdWOrYL6zj81U+S0pMuA=,ECB32AF3-1440-4086-94E3-5311F97F89C4,6,1,b'\x00\x00\x00\x00\x00\x00\x00\x00\x00\x00\x00\x00\x00\x00\x00\x00',,,,1530871875,1533463875,"b'{""type"":""UserEngaged"",""reportingApp"":""ShellActivityMonitor"",""activeDurationSeconds"":3,""shellContentDescription"":{""MergedGap"":600},""userTimezone"":""Pacific/Auckland""}'",3,0,fVkdR0tyOUQBnWvyYS+05sHBwGEcKh+wNnZ7lgos4PU=,0,1530871872,1530871875,1530871875,,,,,,13576
"b'\xe2\xe0v\xc9\xb86\xab""I\x94\x8b\x18\x0c\x9a1\xaf'","[{""application"":""com.squirrel.Discord.Discord"",""platform"":""windows_win32""},{""application"":""com.squirrel.Discord.Discord"",""platform"":""packageId""},{""application"":"""",""platform"":""alternateId""},{""application"":"""",""platform"":""windows_universal""}]",LrQOCpNol0XWlhMvBhzGKQTtdWOrYL6zj81U+S0pMuA=,ECB32AF3-1440-4086-94E3-5311F97F89C4,6,1,b'\x00\x00\x00\x00\x00\x00\x00\x00\x00\x00\x00\x00\x00\x00\x00\x00',,,,1530877496,1533469496,"b'{""type"":""UserEngaged"",""reportingApp"":""ShellActivityMonitor"",""activeDurationSeconds"":31,""shellContentDescription"":{""MergedGap"":600},""userTimezone"":""Pacific/Auckland""}'",3,0,fVkdR0tyOUQBnWvyYS+05sHBwGEcKh+wNnZ7lgos4PU=,0,1530877465,1530877496,1530877496,,,,,,13600
b'\xb1\x03\x0b\x02xw\xfc\x96\x90p]UG>\x11\xfc',"[{""application"":""com.squirrel.Discord.Discord"",""platform"":""windows_win32""},{""application"":""com.squirrel.Discord.Discord"",""platform"":""packageId""},{""application"":"""",""platform"":""alternateId""},{""application"":"""",""platform"":""windows_universal""}]",LrQOCpNol0XWlhMvBhzGKQTtdWOrYL6zj81U+S0pMuA=,ECB32AF3-1440-4086-94E3-5311F97F89C4,6,1,b'\x00\x00\x00\x00\x00\x00\x00\x00\x00\x00\x00\x00\x00\x00\x00\x00',,,,1530923943,1533515943,"b'{""type"":""UserEngaged"",""reportingApp"":""ShellActivityMonitor"",""activeDurationSeconds"":8,""shellContentDescription"":{""MergedGap"":600},""userTimezone"":""Pacific/Auckland""}'",3,0,fVkdR0tyOUQBnWvyYS+05sHBwGEcKh+wNnZ7lgos4PU=,0,1530923935,1530923943,1530923943,,,,,,13606
b'\x10\xc3\xba\xc8\x08|\x8f\r\xfb\x84\xd1\xe8\x00\x9eI\x17',"[{""application"":""com.squirrel.Discord.Discord"",""platform"":""windows_win32""},{""application"":""com.squirrel.Discord.Discord"",""platform"":""packageId""},{""application"":"""",""platform"":""alternateId""},{""application"":"""",""platform"":""windows_universal""}]",LrQOCpNol0XWlhMvBhzGKQTtdWOrYL6zj81U+S0pMuA=,ECB32AF3-1440-4086-94E3-5311F97F89C4,6,1,b'\x00\x00\x00\x00\x00\x00\x00\x00\x00\x00\x00\x00\x00\x00\x00\x00',,,,1530923950,1533515950,"b'{""type"":""UserEngaged"",""reportingApp"":""ShellActivityMonitor"",""activeDurationSeconds"":7,""shellContentDescription"":{""MergedGap"":600},""userTimezone"":""Pacific/Auckland""}'",3,0,fVkdR0tyOUQBnWvyYS+05sHBwGEcKh+wNnZ7lgos4PU=,0,1530923943,1530923950,1530923950,,,,,,13609
b'S]X\xb6\x836\xebd\xa4\xc7\x7f\xbd\x99\x8dXl',"[{""application"":""Chrome"",""platform"":""windows_win32""},{""application"":""Chrome"",""platform"":""packageId""},{""application"":"""",""platform"":""alternateId""},{""application"":"""",""platform"":""windows_universal""}]",32EMzC3pf3hZ5f++I0Xo6llz6/jqQap85+g75uLTNwc=,ECB32AF3-1440-4086-94E3-5311F97F89C4,6,1,b'\x00\x00\x00\x00\x00\x00\x00\x00\x00\x00\x00\x00\x00\x00\x00\x00',,,,1530923984,1533515984,"b'{""type"":""UserEngaged"",""reportingApp"":""ShellActivityMonitor"",""activeDurationSeconds"":501,""shellContentDescription"":{""MergedGap"":600},""userTimezone"":""Pacific/Auckland""}'",3,0,fVkdR0tyOUQBnWvyYS+05sHBwGEcKh+wNnZ7lgos4PU=,0,1530923934,1530924515,1530924515,,,,,,13622
b'\x8d\xd9\xf1\xad\xa8\xed\xd4P\xae}\t\xce\xfa \xc9\xcb',"[{""application"":""{7C5A40EF-A0FB-4BFC-874A-C0F2E0B9FA8E}\\Fortinet\\FortiClient\\FortiClient.exe"",""platform"":""windows_win32""},{""application"":""{7C5A40EF-A0FB-4BFC-874A-C0F2E0B9FA8E}\\Fortinet\\FortiClient\\FortiClient.exe"",""platform"":""packageId""},{""application"":"""",""platform"":""alternateId""},{""application"":"""",""platform"":""windows_universal""}]",G8SR4wYbYZCrBP3Uu6X7Y64imJVD/mF5WThDaqWZdOQ=,ECB32AF3-1440-4086-94E3-5311F97F89C4,5,1,b'\x00\x00\x00\x00\x00\x00\x00\x00\x00\x00\x00\x00\x00\x00\x00\x00',,,,1530924480,1535092657,"b'{""displayText"":""FortiClient"",""activationUri"":""ms-shellactivity:"",""appDisplayName"":""FortiClient"",""backgroundColor"":""black""}'",3,0,fVkdR0tyOUQBnWvyYS+05sHBwGEcKh+wNnZ7lgos4PU=,0,1530924480,0,1530924480,,,,,,18060
"b""'\xa6\xd5\xef4\xb2&\xe0S\xc1Y\x89\xa2#\x03\xb6""","[{""application"":""{7C5A40EF-A0FB-4BFC-874A-C0F2E0B9FA8E}\\Fortinet\\FortiClient\\FortiClient.exe"",""platform"":""windows_win32""},{""application"":""{7C5A40EF-A0FB-4BFC-874A-C0F2E0B9FA8E}\\Fortinet\\FortiClient\\FortiClient.exe"",""platform"":""packageId""},{""application"":"""",""platform"":""alternateId""},{""application"":"""",""platform"":""windows_universal""}]",G8SR4wYbYZCrBP3Uu6X7Y64imJVD/mF5WThDaqWZdOQ=,ECB32AF3-1440-4086-94E3-5311F97F89C4,6,1,b'\x00\x00\x00\x00\x00\x00\x00\x00\x00\x00\x00\x00\x00\x00\x00\x00',,,,1530924507,1533516507,"b'{""type"":""UserEngaged"",""reportingApp"":""ShellActivityMonitor"",""activeDurationSeconds"":29,""shellContentDescription"":{""MergedGap"":600},""userTimezone"":""Pacific/Auckland""}'",3,0,fVkdR0tyOUQBnWvyYS+05sHBwGEcKh+wNnZ7lgos4PU=,0,1530924480,1530924545,1530924545,,,,,,13625
b'IE3\x82d/\x11<\xfe\xdb\xae\xcd\x98\x02K\x99',"[{""application"":""Microsoft.Windows.RemoteDesktop"",""platform"":""windows_win32""},{""application"":""Microsoft.Windows.RemoteDesktop"",""platform"":""packageId""},{""application"":"""",""platform"":""alternateId""},{""application"":"""",""platform"":""windows_universal""}]",+Rhh3tl8qBdVmy46BEH12PH5tOtjDJ2Z8d1L+KHqb04=,ECB32AF3-1440-4086-94E3-5311F97F89C4,5,1,b'\x00\x00\x00\x00\x00\x00\x00\x00\x00\x00\x00\x00\x00\x00\x00\x00',,,,1530924551,1535092678,"b'{""displayText"":""Remote Desktop Connection"",""activationUri"":""ms-shellactivity:"",""appDisplayName"":""Remote Desktop Connection"",""backgroundColor"":""black""}'",3,0,fVkdR0tyOUQBnWvyYS+05sHBwGEcKh+wNnZ7lgos4PU=,0,1530924551,0,1530924551,,,,,,18066
b'\xe5qD\xe5\x8e\xff\xc6Q\xceA>\xde\xff\xae\n\xb7',"[{""application"":""Microsoft.Windows.RemoteDesktop"",""platform"":""windows_win32""},{""application"":""Microsoft.Windows.RemoteDesktop"",""platform"":""packageId""},{""application"":"""",""platform"":""alternateId""},{""application"":"""",""platform"":""windows_universal""}]",+Rhh3tl8qBdVmy46BEH12PH5tOtjDJ2Z8d1L+KHqb04=,ECB32AF3-1440-4086-94E3-5311F97F89C4,6,1,b'\x00\x00\x00\x00\x00\x00\x00\x00\x00\x00\x00\x00\x00\x00\x00\x00',,,,1530924587,1533516587,"b'{""type"":""UserEngaged"",""reportingApp"":""ShellActivityMonitor"",""activeDurationSeconds"":36,""shellContentDescription"":{""MergedGap"":600},""userTimezone"":""Pacific/Auckland""}'",3,0,fVkdR0tyOUQBnWvyYS+05sHBwGEcKh+wNnZ7lgos4PU=,0,1530924551,1530924587,1530924587,,,,,,13629
"b'5S3\\,PS\xd1\xb2\x0e\xc7\xd6{\xa3\xb0y'","[{""application"":""Microsoft.Windows.RemoteDesktop"",""platform"":""windows_win32""},{""application"":""Microsoft.Windows.RemoteDesktop"",""platform"":""packageId""},{""application"":"""",""platform"":""alternateId""},{""application"":"""",""platform"":""windows_universal""}]",+Rhh3tl8qBdVmy46BEH12PH5tOtjDJ2Z8d1L+KHqb04=,ECB32AF3-1440-4086-94E3-5311F97F89C4,6,1,b'\x00\x00\x00\x00\x00\x00\x00\x00\x00\x00\x00\x00\x00\x00\x00\x00',,,,1530925209,1533517209,"b'{""type"":""UserEngaged"",""reportingApp"":""ShellActivityMonitor"",""activeDurationSeconds"":1102,""shellContentDescription"":{""MergedGap"":600},""userTimezone"":""Pacific/Auckland""}'",3,0,fVkdR0tyOUQBnWvyYS+05sHBwGEcKh+wNnZ7lgos4PU=,0,1530924587,1530925738,1530925738,,,,,,13662
b'z\xcf\xbe\x1aKAy-/\xf0\xd1\xb9Q\x84\xd9\xac',"[{""application"":""Chrome"",""platform"":""windows_win32""},{""application"":""Chrome"",""platform"":""packageId""},{""application"":"""",""platform"":""alternateId""},{""application"":"""",""platform"":""windows_universal""}]",32EMzC3pf3hZ5f++I0Xo6llz6/jqQap85+g75uLTNwc=,ECB32AF3-1440-4086-94E3-5311F97F89C4,6,1,b'\x00\x00\x00\x00\x00\x00\x00\x00\x00\x00\x00\x00\x00\x00\x00\x00',,,,1530925214,1533517214,"b'{""type"":""UserEngaged"",""reportingApp"":""ShellActivityMonitor"",""activeDurationSeconds"":1327,""shellContentDescription"":{""MergedGap"":600},""userTimezone"":""Pacific/Auckland""}'",3,0,fVkdR0tyOUQBnWvyYS+05sHBwGEcKh+wNnZ7lgos4PU=,0,1530925209,1530927388,1530927388,,,,,,13732
b'r\xc1\x1a-\xd0\xf1\xd1\xb8\xdb\x87\x9f\x96M*0K',"[{""application"":""Microsoft.Windows.RemoteDesktop"",""platform"":""windows_win32""},{""application"":""Microsoft.Windows.RemoteDesktop"",""platform"":""packageId""},{""application"":"""",""platform"":""alternateId""},{""application"":"""",""platform"":""windows_universal""}]",+Rhh3tl8qBdVmy46BEH12PH5tOtjDJ2Z8d1L+KHqb04=,ECB32AF3-1440-4086-94E3-5311F97F89C4,6,1,b'\x00\x00\x00\x00\x00\x00\x00\x00\x00\x00\x00\x00\x00\x00\x00\x00',,,,1530926428,1533518428,"b'{""type"":""UserEngaged"",""reportingApp"":""ShellActivityMonitor"",""activeDurationSeconds"":4475,""shellContentDescription"":{""MergedGap"":600},""userTimezone"":""Pacific/Auckland""}'",3,0,fVkdR0tyOUQBnWvyYS+05sHBwGEcKh+wNnZ7lgos4PU=,0,1530926368,1530932628,1530932628,,,,,,13798
"b""U~}'\x1a\xa3R\xffa\xf50;\xab\xc0\xaa\x7f""","[{""application"":""{7C5A40EF-A0FB-4BFC-874A-C0F2E0B9FA8E}\\Epic Games\\Launcher\\Portal\\Binaries\\Win64\\EpicGamesLauncher.exe"",""platform"":""x_exe_path""},{""application"":""{7C5A40EF-A0FB-4BFC-874A-C0F2E0B9FA8E}\\Epic Games\\Launcher\\Portal\\Binaries\\Win64\\EpicGamesLauncher.exe"",""platform"":""packageId""},{""application"":"""",""platform"":""alternateId""},{""application"":"""",""platform"":""windows_universal""}]",W2uvLYF2TvPBARmWDeDJJluRdkhj2mxrr07zegJud1k=,ECB32AF3-1440-4086-94E3-5311F97F89C4,6,1,b'\x00\x00\x00\x00\x00\x00\x00\x00\x00\x00\x00\x00\x00\x00\x00\x00',,,,1530927098,1533519098,"b'{""type"":""UserEngaged"",""reportingApp"":""ShellActivityMonitor"",""activeDurationSeconds"":2,""shellContentDescription"":{""MergedGap"":600},""userTimezone"":""Pacific/Auckland""}'",3,0,fVkdR0tyOUQBnWvyYS+05sHBwGEcKh+wNnZ7lgos4PU=,0,1530927096,1530927098,1530927098,,,,,,13683
